PAGE,TEXT,
1002896,87067,Ship It Free in Time for Christmas. Order by 11:59 p.m. ET(.) December 1.
1002896,88727,Ship It Free in Time for Christmas. Order by 11:59 p.m. ET(.) December 1.
1002896,88728,Ship It Free in Time for Christmas. Order by 11:59 p.m. ET(.) December 1.
1002896,88729,Ship It Free in Time for Christmas. Order by 11:59 p.m. ET(.) December 1.
1002896,92599,Ship It Free in Time for Christmas. Order by 11:59 p.m. ET(.) December 1.
1002896,92600,Ship It Free in Time for Christmas. Order by 11:59 p.m. ET(.) December 1.
1003642,84182,Ship It Free in Time for Christmas. Order by 8 p.m. ET(.) December 10.
1002961,83841,Ship It Free in Time for Christmas. Order by 8 p.m. ET(.) December 11.
1002961,83814,Ship It Free in Time for Christmas. Order by 8 p.m. ET(.) December 11.
1002961,83813,Ship It Free in Time for Christmas. Order by 8 p.m. ET(.) December 11.
1003589,49434,Ship It Free in Time for Christmas. Order by 8 p.m. ET(.) December 11.
1003589,44559,Ship It Free in Time for Christmas. Order by 8 p.m. ET(.) December 11.
1003589,44737,Ship It Free in Time for Christmas. Order by 8 p.m. ET(.) December 11.
1003589,44740,Ship It Free in Time for Christmas. Order by 8 p.m. ET(.) December 11.
1003589,44560,Ship It Free in Time for Christmas. Order by 8 p.m. ET(.) December 11.
1003589,63952,Ship It Free in Time for Christmas. Order by 8 p.m. ET(.) December 11.
1003589,66572,Ship It Free in Time for Christmas. Order by 8 p.m. ET(.) December 11.
1003589,59854,Ship It Free in Time for Christmas. Order by 8 p.m. ET(.) December 11.
1003589,59851,Ship It Free in Time for Christmas. Order by 8 p.m. ET(.) December 11.
1003589,66574,Ship It Free in Time for Christmas. Order by 8 p.m. ET(.) December 11.
1003589,62174,Ship It Free in Time for Christmas. Order by 8 p.m. ET(.) December 11.
1003589,66575,Ship It Free in Time for Christmas. Order by 8 p.m. ET(.) December 11.
1003589,51668,Ship It Free in Time for Christmas. Order by 8 p.m. ET(.) December 11.
1003589,51665,Ship It Free in Time for Christmas. Order by 8 p.m. ET(.) December 11.
1003589,66388,Ship It Free in Time for Christmas. Order by 8 p.m. ET(.) December 11.
1003589,66387,Ship It Free in Time for Christmas. Order by 8 p.m. ET(.) December 11.
1003589,66386,Ship It Free in Time for Christmas. Order by 8 p.m. ET(.) December 11.
1003589,66314,Ship It Free in Time for Christmas. Order by 8 p.m. ET(.) December 11.
1003589,68112,Ship It Free in Time for Christmas. Order by 8 p.m. ET(.) December 11.
1003589,68113,Ship It Free in Time for Christmas. Order by 8 p.m. ET(.) December 11.
1003589,68686,Ship It Free in Time for Christmas. Order by 8 p.m. ET(.) December 11.
1003589,68690,Ship It Free in Time for Christmas. Order by 8 p.m. ET(.) December 11.
1003589,68691,Ship It Free in Time for Christmas. Order by 8 p.m. ET(.) December 11.
1003589,78394,Ship It Free in Time for Christmas. Order by 8 p.m. ET(.) December 11.
1003589,78393,Ship It Free in Time for Christmas. Order by 8 p.m. ET(.) December 11.
1003589,83860,Ship It Free in Time for Christmas. Order by 8 p.m. ET(.) December 11.
1003589,83857,Ship It Free in Time for Christmas. Order by 8 p.m. ET(.) December 11.
1003589,83931,Ship It Free in Time for Christmas. Order by 8 p.m. ET(.) December 11.
1003589,83930,Ship It Free in Time for Christmas. Order by 8 p.m. ET(.) December 11.
1003589,83934,Ship It Free in Time for Christmas. Order by 8 p.m. ET(.) December 11.
1003589,86027,Ship It Free in Time for Christmas. Order by 8 p.m. ET(.) December 11.
1003589,86252,Ship It Free in Time for Christmas. Order by 8 p.m. ET(.) December 11.
1003589,86032,Ship It Free in Time for Christmas. Order by 8 p.m. ET(.) December 11.
1003589,86253,Ship It Free in Time for Christmas. Order by 8 p.m. ET(.) December 11.
1003589,88839,Ship It Free in Time for Christmas. Order by 8 p.m. ET(.) December 11.
1003589,89235,Ship It Free in Time for Christmas. Order by 8 p.m. ET(.) December 11.
1003589,89941,Ship It Free in Time for Christmas. Order by 8 p.m. ET(.) December 11.
1003589,89940,Ship It Free in Time for Christmas. Order by 8 p.m. ET(.) December 11.
1002418,40133,Ship It Free in Time for Christmas. Order by 8 p.m. ET(.) December 11.
1002418,80671,Ship It Free in Time for Christmas. Order by 8 p.m. ET(.) December 11.
1002418,80670,Ship It Free in Time for Christmas. Order by 8 p.m. ET(.) December 11.
1002418,81968,Ship It Free in Time for Christmas. Order by 8 p.m. ET(.) December 11.
1002418,85434,Ship It Free in Time for Christmas. Order by 8 p.m. ET(.) December 11.
1002418,81109,Ship It Free in Time for Christmas. Order by 8 p.m. ET(.) December 11.
1002871,89947,Ship It Free in Time for Christmas. Order by 8 p.m. ET(.) December 11.
1001272,19701,Ship It Free in Time for Christmas. Order by 8 p.m. ET(.) December 14.
1001272,22858,Ship It Free in Time for Christmas. Order by 8 p.m. ET(.) December 14.
1001272,19702,Ship It Free in Time for Christmas. Order by 8 p.m. ET(.) December 14.
1001272,18311,Ship It Free in Time for Christmas. Order by 8 p.m. ET(.) December 14.
1001272,47432,Ship It Free in Time for Christmas. Order by 8 p.m. ET(.) December 14.
1001272,47433,Ship It Free in Time for Christmas. Order by 8 p.m. ET(.) December 14.
1001272,66421,Ship It Free in Time for Christmas. Order by 8 p.m. ET(.) December 14.
1001272,67905,Ship It Free in Time for Christmas. Order by 8 p.m. ET(.) December 14.
1001272,67880,Ship It Free in Time for Christmas. Order by 8 p.m. ET(.) December 14.
1001272,75131,Ship It Free in Time for Christmas. Order by 8 p.m. ET(.) December 14.
1001272,75130,Ship It Free in Time for Christmas. Order by 8 p.m. ET(.) December 14.
1001272,75679,Ship It Free in Time for Christmas. Order by 8 p.m. ET(.) December 14.
1001272,75678,Ship It Free in Time for Christmas. Order by 8 p.m. ET(.) December 14.
1001272,75675,Ship It Free in Time for Christmas. Order by 8 p.m. ET(.) December 14.
1001272,77645,Ship It Free in Time for Christmas. Order by 8 p.m. ET(.) December 14.
1001272,78392,Ship It Free in Time for Christmas. Order by 8 p.m. ET(.) December 14.
1001272,79777,Ship It Free in Time for Christmas. Order by 8 p.m. ET(.) December 14.
1001272,78391,Ship It Free in Time for Christmas. Order by 8 p.m. ET(.) December 14.
1001272,78390,Ship It Free in Time for Christmas. Order by 8 p.m. ET(.) December 14.
1003158,80543,Ship It Free in Time for Christmas. Order by 11:59 p.m. ET(.) December 15.
1003158,80537,Ship It Free in Time for Christmas. Order by 11:59 p.m. ET(.) December 15.
1003158,80533,Ship It Free in Time for Christmas. Order by 11:59 p.m. ET(.) December 15.
1003158,83844,Ship It Free in Time for Christmas. Order by 11:59 p.m. ET(.) December 15.
1003158,86052,Ship It Free in Time for Christmas. Order by 11:59 p.m. ET(.) December 15.
1003158,88795,Ship It Free in Time for Christmas. Order by 11:59 p.m. ET(.) December 15.
1002890,86945,Ship It Free in Time for Christmas. Order by 11:59 p.m. ET(.) December 15.
1002890,86943,Ship It Free in Time for Christmas. Order by 11:59 p.m. ET(.) December 15.
,84181,Ship It Free in Time for Christmas. Order by 11:59 p.m. ET(.) December 15.
,89948,Ship It Free in Time for Christmas. Order by 11:59 p.m. ET(.) December 15.
1001756,70758,Ship It Free in Time for Christmas. Order by 11:59 p.m. ET(.) December 15.
1001756,79268,Ship It Free in Time for Christmas. Order by 11:59 p.m. ET(.) December 15.
1003354,70782,Ship It Free in Time for Christmas. Order by 11:59 p.m. ET(.) December 15.
1003354,75697,Ship It Free in Time for Christmas. Order by 11:59 p.m. ET(.) December 15.
1003316,18724,Get It There in Time for Christmas. Order by 11:59 p.m. ET(.) December 15.
1003316,61789,Get It There in Time for Christmas. Order by 11:59 p.m. ET(.) December 15.
1003316,75043,Get It There in Time for Christmas. Order by 11:59 p.m. ET(.) December 15.
1003316,79258,Get It There in Time for Christmas. Order by 11:59 p.m. ET(.) December 15.
1003316,83831,Get It There in Time for Christmas. Order by 11:59 p.m. ET(.) December 15.
1002732,15344,Get It There in Time for Christmas. Order by 11:59 p.m. ET(.) December 15.
1002732,33003,Get It There in Time for Christmas. Order by 11:59 p.m. ET(.) December 15.
1002732,33004,Get It There in Time for Christmas. Order by 11:59 p.m. ET(.) December 15.
1002732,15345,Get It There in Time for Christmas. Order by 11:59 p.m. ET(.) December 15.
1002732,17692,Get It There in Time for Christmas. Order by 11:59 p.m. ET(.) December 15.
1002732,33735,Get It There in Time for Christmas. Order by 11:59 p.m. ET(.) December 15.
1002732,33729,Get It There in Time for Christmas. Order by 11:59 p.m. ET(.) December 15.
1002732,33728,Get It There in Time for Christmas. Order by 11:59 p.m. ET(.) December 15.
1002732,39742,Get It There in Time for Christmas. Order by 11:59 p.m. ET(.) December 15.
1002732,44705,Get It There in Time for Christmas. Order by 11:59 p.m. ET(.) December 15.
1002732,81992,Get It There in Time for Christmas. Order by 11:59 p.m. ET(.) December 15.
1002732,80980,Get It There in Time for Christmas. Order by 11:59 p.m. ET(.) December 15.
1002732,85741,Get It There in Time for Christmas. Order by 11:59 p.m. ET(.) December 15.
1002772,73809,Ship It Free in Time for Christmas. Order by 11:59 p.m. ET(.) December 15.
1002772,73810,Ship It Free in Time for Christmas. Order by 11:59 p.m. ET(.) December 15.
1002772,78017,Ship It Free in Time for Christmas. Order by 11:59 p.m. ET(.) December 15.
1002772,87308,Ship It Free in Time for Christmas. Order by 11:59 p.m. ET(.) December 15.
1002772,87307,Ship It Free in Time for Christmas. Order by 11:59 p.m. ET(.) December 15.
1002772,87306,Ship It Free in Time for Christmas. Order by 11:59 p.m. ET(.) December 15.
1002772,87305,Ship It Free in Time for Christmas. Order by 11:59 p.m. ET(.) December 15.
1002772,87997,Ship It Free in Time for Christmas. Order by 11:59 p.m. ET(.) December 15.
1002772,87304,Ship It Free in Time for Christmas. Order by 11:59 p.m. ET(.) December 15.
1002772,87303,Ship It Free in Time for Christmas. Order by 11:59 p.m. ET(.) December 15.
1002772,87301,Ship It Free in Time for Christmas. Order by 11:59 p.m. ET(.) December 15.
1002772,87300,Ship It Free in Time for Christmas. Order by 11:59 p.m. ET(.) December 15.
1002772,87756,Ship It Free in Time for Christmas. Order by 11:59 p.m. ET(.) December 15.
1002772,87921,Ship It Free in Time for Christmas. Order by 11:59 p.m. ET(.) December 15.
1002772,87918,Ship It Free in Time for Christmas. Order by 11:59 p.m. ET(.) December 15.
1002772,92475,Ship It Free in Time for Christmas. Order by 11:59 p.m. ET(.) December 15.
1002772,92476,Ship It Free in Time for Christmas. Order by 11:59 p.m. ET(.) December 15.
1002772,92477,Ship It Free in Time for Christmas. Order by 11:59 p.m. ET(.) December 15.
1002772,92478,Ship It Free in Time for Christmas. Order by 11:59 p.m. ET(.) December 15.
1002772,92479,Ship It Free in Time for Christmas. Order by 11:59 p.m. ET(.) December 15.
1002772,92480,Ship It Free in Time for Christmas. Order by 11:59 p.m. ET(.) December 15.
1002772,92481,Ship It Free in Time for Christmas. Order by 11:59 p.m. ET(.) December 15.
1002772,92482,Ship It Free in Time for Christmas. Order by 11:59 p.m. ET(.) December 15.
1002772,92483,Ship It Free in Time for Christmas. Order by 11:59 p.m. ET(.) December 15.
1002772,92484,Ship It Free in Time for Christmas. Order by 11:59 p.m. ET(.) December 15.
1002897,89961,Ship It Free in Time for Christmas. Order by 11:59 p.m. ET(.) December 15.
1002897,83855,Ship It Free in Time for Christmas. Order by 11:59 p.m. ET(.) December 15.
1003704,80984,Ship It Free in Time for Christmas. Order by 11:59 p.m. ET(.) December 15.
1002969,63572,Get It There in Time for Christmas. Order by 11:59 p.m. ET(.) December 15.
1002969,63571,Get It There in Time for Christmas. Order by 11:59 p.m. ET(.) December 15.
1002969,77430,Get It There in Time for Christmas. Order by 11:59 p.m. ET(.) December 15.
1003239,71734,Get It There in Time for Christmas. Order by 11:59 p.m. ET(.) December 15.
1002958,31442,Get It There in Time for Christmas. Order by 11:59 p.m. ET(.) December 15.
1002958,16425,Get It There in Time for Christmas. Order by 11:59 p.m. ET(.) December 15.
1002958,63185,Get It There in Time for Christmas. Order by 11:59 p.m. ET(.) December 15.
1002958,77575,Get It There in Time for Christmas. Order by 11:59 p.m. ET(.) December 15.
1002958,77573,Get It There in Time for Christmas. Order by 11:59 p.m. ET(.) December 15.
1002958,79248,Get It There in Time for Christmas. Order by 11:59 p.m. ET(.) December 15.
1002958,78385,Get It There in Time for Christmas. Order by 11:59 p.m. ET(.) December 15.
1002958,78386,Get It There in Time for Christmas. Order by 11:59 p.m. ET(.) December 15.
1002958,83933,Get It There in Time for Christmas. Order by 11:59 p.m. ET(.) December 15.
1002958,110937,Get It There in Time for Christmas. Order by 11:59 p.m. ET(.) December 15.
1002836,38686,Ship It Free in Time for Christmas. Order by 11:59 p.m. ET(.) December 15.
1002836,38687,Ship It Free in Time for Christmas. Order by 11:59 p.m. ET(.) December 15.
1002836,83836,Ship It Free in Time for Christmas. Order by 11:59 p.m. ET(.) December 15.
1002836,83835,Ship It Free in Time for Christmas. Order by 11:59 p.m. ET(.) December 15.
1000963,83842,Ship It Free in Time for Christmas. Order by 8 p.m. ET(.) December 15.
1000963,83816,Ship It Free in Time for Christmas. Order by 8 p.m. ET(.) December 15.
1000963,83818,Ship It Free in Time for Christmas. Order by 8 p.m. ET(.) December 15.
1002978,89946,Ship It Free in Time for Christmas. Order by 8 p.m. ET(.) December 15.
1002978,89897,Ship It Free in Time for Christmas. Order by 8 p.m. ET(.) December 15.
1002978,89898,Ship It Free in Time for Christmas. Order by 8 p.m. ET(.) December 15.
1002550,81830,Ship It Free in Time for Christmas. Order by 8 p.m. ET(.) December 15.
1002550,81829,Ship It Free in Time for Christmas. Order by 8 p.m. ET(.) December 15.
1002550,87999,Ship It Free in Time for Christmas. Order by 8 p.m. ET(.) December 15.
1002550,87998,Ship It Free in Time for Christmas. Order by 8 p.m. ET(.) December 15.
1002550,88001,Ship It Free in Time for Christmas. Order by 8 p.m. ET(.) December 15.
1002550,90847,Ship It Free in Time for Christmas. Order by 8 p.m. ET(.) December 15.
1001823,44710,Get It There in Time for Christmas. Order by 8 p.m. ET(.) December 15.
1001823,44714,Get It There in Time for Christmas. Order by 8 p.m. ET(.) December 15.
1001823,44712,Get It There in Time for Christmas. Order by 8 p.m. ET(.) December 15.
1001823,63180,Get It There in Time for Christmas. Order by 8 p.m. ET(.) December 15.
1001823,63181,Get It There in Time for Christmas. Order by 8 p.m. ET(.) December 15.
1001823,67895,Get It There in Time for Christmas. Order by 8 p.m. ET(.) December 15.
1001823,67894,Get It There in Time for Christmas. Order by 8 p.m. ET(.) December 15.
1001823,67857,Get It There in Time for Christmas. Order by 8 p.m. ET(.) December 15.
1001823,67967,Get It There in Time for Christmas. Order by 8 p.m. ET(.) December 15.
1001823,67851,Get It There in Time for Christmas. Order by 8 p.m. ET(.) December 15.
1001823,67968,Get It There in Time for Christmas. Order by 8 p.m. ET(.) December 15.
1001823,72559,Get It There in Time for Christmas. Order by 8 p.m. ET(.) December 15.
1001823,77603,Get It There in Time for Christmas. Order by 8 p.m. ET(.) December 15.
1001823,77599,Get It There in Time for Christmas. Order by 8 p.m. ET(.) December 15.
1001823,77598,Get It There in Time for Christmas. Order by 8 p.m. ET(.) December 15.
1001823,77597,Get It There in Time for Christmas. Order by 8 p.m. ET(.) December 15.
1001823,80986,Get It There in Time for Christmas. Order by 8 p.m. ET(.) December 15.
1001823,81510,Get It There in Time for Christmas. Order by 8 p.m. ET(.) December 15.
1001823,86026,Get It There in Time for Christmas. Order by 8 p.m. ET(.) December 15.
1001823,86028,Get It There in Time for Christmas. Order by 8 p.m. ET(.) December 15.
1001823,86029,Get It There in Time for Christmas. Order by 8 p.m. ET(.) December 15.
1001823,86030,Get It There in Time for Christmas. Order by 8 p.m. ET(.) December 15.
1001823,86031,Get It There in Time for Christmas. Order by 8 p.m. ET(.) December 15.
1001823,92595,Get It There in Time for Christmas. Order by 8 p.m. ET(.) December 15.
1001823,92596,Get It There in Time for Christmas. Order by 8 p.m. ET(.) December 15.
1001823,92597,Get It There in Time for Christmas. Order by 8 p.m. ET(.) December 15.
1001823,110936,Get It There in Time for Christmas. Order by 8 p.m. ET(.) December 15.
1003028,75280,Ship It Free in Time for Christmas. Order by 11:59 p.m. ET(.) December 4.
1001226,39827,Ship It Free in Time for Christmas. Order by 8  p.m. ET(.) December 4.
1001226,76482,Ship It Free in Time for Christmas. Order by 8  p.m. ET(.) December 4.
1001226,40842,Ship It Free in Time for Christmas. Order by 8  p.m. ET(.) December 4.
1001226,76481,Ship It Free in Time for Christmas. Order by 8  p.m. ET(.) December 4.
1001226,36153,Ship It Free in Time for Christmas. Order by 8  p.m. ET(.) December 4.
1001226,49492,Ship It Free in Time for Christmas. Order by 8  p.m. ET(.) December 4.
1001226,80552,Ship It Free in Time for Christmas. Order by 8  p.m. ET(.) December 4.
1001226,76483,Ship It Free in Time for Christmas. Order by 8  p.m. ET(.) December 4.
1001226,70776,Ship It Free in Time for Christmas. Order by 8  p.m. ET(.) December 4.
1001226,70785,Ship It Free in Time for Christmas. Order by 8  p.m. ET(.) December 4.
1001226,72554,Ship It Free in Time for Christmas. Order by 8  p.m. ET(.) December 4.
1001226,77558,Ship It Free in Time for Christmas. Order by 8  p.m. ET(.) December 4.
1001226,80551,Ship It Free in Time for Christmas. Order by 8  p.m. ET(.) December 4.
1001226,81958,Ship It Free in Time for Christmas. Order by 8  p.m. ET(.) December 4.
1001226,81234,Ship It Free in Time for Christmas. Order by 8  p.m. ET(.) December 4.
1001226,81235,Ship It Free in Time for Christmas. Order by 8  p.m. ET(.) December 4.
1001124,13931,Get It There in Time for Christmas. Order by 11:59 p.m. ET(.) December 6.
1001124,73558,Get It There in Time for Christmas. Order by 11:59 p.m. ET(.) December 6.
1001124,13930,Get It There in Time for Christmas. Order by 11:59 p.m. ET(.) December 6.
1001124,39738,Get It There in Time for Christmas. Order by 11:59 p.m. ET(.) December 6.
1001124,73560,Get It There in Time for Christmas. Order by 11:59 p.m. ET(.) December 6.
1001124,52044,Get It There in Time for Christmas. Order by 11:59 p.m. ET(.) December 6.
1001124,59144,Get It There in Time for Christmas. Order by 11:59 p.m. ET(.) December 6.
1001124,59078,Get It There in Time for Christmas. Order by 11:59 p.m. ET(.) December 6.
1001124,61799,Get It There in Time for Christmas. Order by 11:59 p.m. ET(.) December 6.
1001124,66402,Get It There in Time for Christmas. Order by 11:59 p.m. ET(.) December 6.
1001124,75054,Get It There in Time for Christmas. Order by 11:59 p.m. ET(.) December 6.
1001124,75032,Get It There in Time for Christmas. Order by 11:59 p.m. ET(.) December 6.
1001124,83861,Get It There in Time for Christmas. Order by 11:59 p.m. ET(.) December 6.
1001124,83854,Get It There in Time for Christmas. Order by 11:59 p.m. ET(.) December 6.
1001124,83849,Get It There in Time for Christmas. Order by 11:59 p.m. ET(.) December 6.
1001124,83848,Get It There in Time for Christmas. Order by 11:59 p.m. ET(.) December 6.
1001124,86005,Get It There in Time for Christmas. Order by 11:59 p.m. ET(.) December 6.
1001124,86020,Get It There in Time for Christmas. Order by 11:59 p.m. ET(.) December 6.
1001124,86021,Get It There in Time for Christmas. Order by 11:59 p.m. ET(.) December 6.
1001124,86980,Get It There in Time for Christmas. Order by 11:59 p.m. ET(.) December 6.
1001124,86979,Get It There in Time for Christmas. Order by 11:59 p.m. ET(.) December 6.
1001124,86978,Get It There in Time for Christmas. Order by 11:59 p.m. ET(.) December 6.
1001124,86977,Get It There in Time for Christmas. Order by 11:59 p.m. ET(.) December 6.
1001124,86951,Get It There in Time for Christmas. Order by 11:59 p.m. ET(.) December 6.
1001124,85999,Get It There in Time for Christmas. Order by 11:59 p.m. ET(.) December 6.
1001124,86042,Get It There in Time for Christmas. Order by 11:59 p.m. ET(.) December 6.
1001124,88022,Get It There in Time for Christmas. Order by 11:59 p.m. ET(.) December 6.
1001124,88023,Get It There in Time for Christmas. Order by 11:59 p.m. ET(.) December 6.
1001124,86864,Get It There in Time for Christmas. Order by 11:59 p.m. ET(.) December 6.
1001124,87375,Get It There in Time for Christmas. Order by 11:59 p.m. ET(.) December 6.
1001124,87374,Get It There in Time for Christmas. Order by 11:59 p.m. ET(.) December 6.
1001124,92590,Get It There in Time for Christmas. Order by 11:59 p.m. ET(.) December 6.
1001124,92591,Get It There in Time for Christmas. Order by 11:59 p.m. ET(.) December 6.
1003589,82748,Ship It Free in Time for Christmas. Order by 8  p.m. ET(.) December 8.
